CustomerId,First_Name,Last_Name,Email,Gender,Join_Date
1,Arlene,MacMechan,amacmechan0@unc.edu,F,04/05/2011
2,Launce,Carcass,lcarcass1@csmonitor.com,M,05/17/2013
3,Ruttger,Landy,rlandy2@examiner.com,M,12/13/2014
4,Millicent,Still,mstill3@smh.com.au,F,01/25/2015
5,Sean,Lernihan,slernihan4@google.com.br,M,08/08/2011
6,Arne,Quin,aquin5@washington.edu,M,10/01/2011
7,Terence,Dods,tdods6@cnet.com,M,06/14/2017
8,Lazar,Garaghan,lgaraghan7@uol.com.br,M,03/26/2014
9,Karlee,Pringley,kpringley8@psu.edu,F,04/10/2013
10,Saba,Troyes,stroyes9@mapquest.com,F,10/09/2013
11,Townsend,Foskew,tfoskewa@domainmarket.com,M,04/06/2014
12,Kasper,Fruchon,kfruchonb@theglobeandmail.com,M,10/20/2012
13,Stephie,Orsman,sorsmanc@hubpages.com,F,12/29/2010
14,Yuma,Sokell,ysokelld@ask.com,M,04/05/2016
15,Gordan,Dumini,gduminie@nsw.gov.au,M,09/27/2015
16,Araldo,Labbe,alabbef@businessinsider.com,M,12/03/2010
17,Araldo,Bavister,abavisterg@ibm.com,M,06/22/2017
18,Arni,Frontczak,afrontczakh@uiuc.edu,M,09/05/2015
19,Dena,Harridge,dharridgei@rakuten.co.jp,F,04/17/2015
20,Marven,Dundridge,mdundridgej@home.pl,M,12/01/2015
21,Osborne,Draisey,odraiseyk@hao123.com,M,06/12/2017
22,Rowen,Crust,rcrustl@infoseek.co.jp,M,11/20/2016
23,Sherye,Pods,spodsm@unc.edu,F,04/16/2011
24,Ema,Yakushkin,eyakushkinn@netvibes.com,F,06/02/2012
25,Son,Fulton,sfultono@bloomberg.com,M,03/24/2014
26,Emile,Dahlbom,edahlbomp@prlog.org,M,12/26/2015
27,Mercedes,Cornfoot,mcornfootq@discovery.com,F,07/14/2014
28,Robert,Skeene,rskeener@adobe.com,M,10/01/2011
29,Costanza,Kilty,ckiltys@tinyurl.com,F,03/19/2013
30,Thorndike,Olesen,tolesent@cloudflare.com,M,12/31/2011
31,Jeffy,Comiam,jcomiamu@google.com.hk,M,03/20/2014
32,Linea,Rodnight,lrodnightv@indiegogo.com,F,03/23/2017
33,Isabeau,Johanssen,ijohanssenw@washington.edu,F,12/21/2013
34,Rorie,Korba,rkorbax@goodreads.com,F,09/09/2016
35,Cathrin,Foister,cfoistery@epa.gov,F,08/20/2015
36,Clementius,Zorn,czornz@uiuc.edu,M,05/12/2011
37,Alexandrina,Blatchford,ablatchford10@latimes.com,F,02/12/2015
38,Huntington,Lanmeid,hlanmeid11@soup.io,M,02/05/2017
39,Alyse,Barensky,abarensky12@alibaba.com,F,05/17/2016
40,Jamal,Musker,jmusker13@livejournal.com,M,12/31/2013
41,Hali,Chipperfield,hchipperfield14@mapy.cz,F,10/04/2015
42,Fonsie,Ussher,fussher15@so-net.ne.jp,M,10/25/2013
43,Toni,Washbrook,twashbrook16@blinklist.com,F,06/12/2012
44,Ruth,Kropp,rkropp17@ebay.co.uk,F,04/27/2014
45,Hughie,Harvard,hharvard18@skyrock.com,M,02/13/2011
46,Sheff,Oslar,soslar19@t-online.de,M,06/01/2012
47,Moishe,Orgee,morgee1a@themeforest.net,M,10/28/2011
48,Diahann,O'Beirne,dobeirne1b@twitpic.com,F,11/28/2012
49,Dave,Ferronel,dferronel1c@google.cn,M,03/25/2017
50,Brooks,McVitty,bmcvitty1d@earthlink.net,F,07/08/2011
51,Salomone,Mingay,smingay1e@gizmodo.com,M,05/20/2013
52,Moira,Limpkin,mlimpkin1f@jigsy.com,F,04/07/2017
53,Germain,Treske,gtreske1g@dmoz.org,M,08/06/2013
54,Ingamar,Baroche,ibaroche1h@cdc.gov,M,09/11/2010
55,Michail,Anster,manster1i@independent.co.uk,M,07/24/2014
56,Adan,Dyne,adyne1j@diigo.com,M,06/30/2017
57,Caspar,Catford,ccatford1k@issuu.com,M,05/08/2012
58,Emilio,Stooke,estooke1l@diigo.com,M,12/09/2011
59,Rutter,Blewett,rblewett1m@yolasite.com,M,09/18/2013
60,Bren,Flori,bflori1n@disqus.com,M,07/30/2017
61,Denice,Gibbett,dgibbett1o@pbs.org,F,09/25/2011
62,Mead,Swalwell,mswalwell1p@behance.net,M,02/19/2012
63,Elnore,Ricardon,ericardon1q@wordpress.org,F,04/22/2017
64,Myrah,Gauld,mgauld1r@wunderground.com,F,04/20/2011
65,Dasie,Reedshaw,dreedshaw1s@sfgate.com,F,02/11/2013
66,Tessa,Druery,tdruery1t@opera.com,F,07/13/2011
67,Willi,Pickworth,wpickworth1u@usatoday.com,F,09/30/2011
68,Gil,Elias,gelias1v@apple.com,M,09/13/2012
69,Bondy,Gabe,bgabe1w@harvard.edu,M,09/23/2010
70,Steve,Saturley,ssaturley1x@hostgator.com,M,05/17/2016
71,Sanson,Wykey,swykey1y@hhs.gov,M,05/20/2015
72,Clarine,Ewings,cewings1z@google.ru,F,03/01/2017
73,Faina,Reuss,freuss20@domainmarket.com,F,01/18/2011
74,Andras,Adamovitz,aadamovitz21@paginegialle.it,M,01/31/2017
75,Ashton,Karpeev,akarpeev22@seattletimes.com,M,05/08/2016
76,Dud,Colebourn,dcolebourn23@prlog.org,M,12/18/2011
77,Cecilla,Overton,coverton24@studiopress.com,F,11/05/2015
78,Sheffield,Stobart,sstobart25@scribd.com,M,05/22/2016
79,Trevor,Errowe,terrowe26@arizona.edu,M,11/22/2012
80,Hastings,Whitlam,hwhitlam27@ucsd.edu,M,01/15/2017
81,Walker,Grolle,wgrolle28@list-manage.com,M,04/18/2016
82,Hendrick,Arp,harp29@hud.gov,M,10/30/2013
83,Maximilianus,Giovannoni,mgiovannoni2a@yale.edu,M,10/11/2014
84,Delphinia,Forth,dforth2b@ucla.edu,F,11/15/2010
85,Nevil,De la croix,ndelacroix2c@multiply.com,M,01/19/2011
86,Katrinka,Cunah,kcunah2d@cloudflare.com,F,09/05/2016
87,Bail,Pollack,bpollack2e@merriam-webster.com,M,01/15/2012
88,Gloriane,Candey,gcandey2f@edublogs.org,F,06/29/2013
89,Percy,Thirsk,pthirsk2g@ustream.tv,M,05/28/2017
90,Eberto,Bunson,ebunson2h@com.com,M,09/25/2011
91,Jermayne,McCorrie,jmccorrie2i@weebly.com,M,12/30/2013
92,Tabby,Fusco,tfusco2j@army.mil,F,05/28/2012
93,Mayne,Huc,mhuc2k@economist.com,M,07/29/2017
94,Beilul,Coughtrey,bcoughtrey2l@cnn.com,F,12/15/2013
95,Ingamar,Shorter,ishorter2m@istockphoto.com,M,12/04/2014
96,Nikaniki,Moulin,nmoulin2n@tinypic.com,F,06/17/2013
97,Darnall,Dumbarton,ddumbarton2o@devhub.com,M,03/14/2016
98,Kessiah,Morter,kmorter2p@msn.com,F,05/22/2017
99,April,Lillicrop,alillicrop2q@imdb.com,F,11/04/2013
100,Roxana,Jackman,rjackman2r@miitbeian.gov.cn,F,01/27/2014
101,Leonie,di Rocca,ldirocca2s@yale.edu,F,01/31/2014
102,Sheelagh,Margrem,smargrem2t@sciencedaily.com,F,03/14/2015
103,Bailie,Jerke,bjerke2u@amazon.com,M,02/10/2015
104,Willey,Scrammage,wscrammage2v@studiopress.com,M,06/07/2012
105,Yasmeen,Colten,ycolten2w@slideshare.net,F,10/30/2014
106,Nettle,Marshfield,nmarshfield2x@fastcompany.com,F,09/25/2016
107,Hanny,Mocquer,hmocquer2y@yelp.com,F,08/24/2014
108,Michaela,Jahnisch,mjahnisch2z@tinypic.com,F,12/31/2010
109,Bernette,Dimitrijevic,bdimitrijevic30@discovery.com,F,07/17/2011
110,Wilden,McEttigen,wmcettigen31@telegraph.co.uk,M,07/05/2012
111,Benedict,Nisby,bnisby32@google.com,M,11/26/2014
112,Anestassia,Erickson,aerickson33@google.cn,F,05/26/2013
113,Nesta,Ecles,necles34@unc.edu,F,11/28/2011
114,Eddi,Cobleigh,ecobleigh35@admin.ch,F,09/08/2016
115,Lottie,Urlich,lurlich36@soup.io,F,05/08/2011
116,Lanette,Greenan,lgreenan37@acquirethisname.com,F,10/10/2014
117,Brian,Boulding,bboulding38@eventbrite.com,M,09/14/2011
118,Mabelle,Orht,morht39@taobao.com,F,09/12/2014
119,Zane,Oakhill,zoakhill3a@ask.com,M,05/29/2012
120,Belia,Deshon,bdeshon3b@acquirethisname.com,F,07/31/2013
